{"cameraMode":{"drawMode":0,"name":"Shaded","section":"Shading Mode"},"sceneLighting":true,"audioPlay":false,"sceneViewState":{"m_AlwaysRefresh":false,"showFog":true,"showSkybox":true,"showFlares":true,"showImageEffects":true,"showParticleSystems":true,"showVisualEffectGraphs":true,"m_FxEnabled":true},"in2DMode":false,"pivot":{"x":4.76837158203125e-7,"y":9.5367431640625e-7,"z":0.10000000894069672},"rotation":{"x":0.023987965658307077,"y":-0.02698892541229725,"z":0.0006168268155306578,"w":0.9992881417274475},"size":5.883994102478027,"orthographic":false}